Ca1O1-dataset2-0009596,Ca1O1-dataset2-0009596_Va_O1,6.9863
O1Sr1-dataset2-0010079,O1Sr1-dataset2-0010079_Va_O1,6.5707
Ba1O1-dataset2-0009594,Ba1O1-dataset2-0009594_Va_O1,5.6919
Mn3O4-dataset2-0011304,Mn3O4-dataset2-0011304_Va_O1,3.8859
Mn5O8-dataset2-0178128,Mn5O8-dataset2-0178128_Va_O3,3.0486
Mn5O8-dataset2-0178128,Mn5O8-dataset2-0178128_Va_O2,2.7358
Mn5O8-dataset2-0178128,Mn5O8-dataset2-0178128_Va_O4,2.4393
Mn5O8-dataset2-0178128,Mn5O8-dataset2-0178128_Va_O1,2.7217
Mn1O1-dataset2-0010576,Mn1O1-dataset2-0010576_Va_O1,4.4297
Mn1O1-dataset2-0010438,Mn1O1-dataset2-0010438_Va_O1,4.4315
Mn1O2-dataset2-0011671,Mn1O2-dataset2-0011671_Va_O1,2.0859
Mn1O2-dataset2-0125667,Mn1O2-dataset2-0125667_Va_O2,2.145
Mn1O2-dataset2-0125667,Mn1O2-dataset2-0125667_Va_O1,2.7443
Mn1O2-dataset2-0125741,Mn1O2-dataset2-0125741_Va_O3,2.6124
Mn1O2-dataset2-0125741,Mn1O2-dataset2-0125741_Va_O2,2.248
Mn1O2-dataset2-0125741,Mn1O2-dataset2-0125741_Va_O4,2.7197
Mn1O2-dataset2-0125741,Mn1O2-dataset2-0125741_Va_O1,2.0803
Fe2O3-dataset2-0009808,Fe2O3-dataset2-0009808_Va_O1,3.5343
Fe3O4-dataset2-0191339,Fe3O4-dataset2-0191339_Va_O2,3.3922
Fe3O4-dataset2-0191339,Fe3O4-dataset2-0191339_Va_O1,3.3108
Fe3O4-dataset2-0191847,Fe3O4-dataset2-0191847_Va_O2,3.2436
Fe3O4-dataset2-0191847,Fe3O4-dataset2-0191847_Va_O1,3.3361
Fe1O1-dataset2-0009684,Fe1O1-dataset2-0009684_Va_O1,5.0763
Co3O4-dataset2-0009648,Co3O4-dataset2-0009648_Va_O1,4.1201
Co1O1-dataset2-0010389,Co1O1-dataset2-0010389_Va_O1,4.2751
Co1O1-dataset2-0010528,Co1O1-dataset2-0010528_Va_O1,4.3434
Co1O2-dataset2-0187243,Co1O2-dataset2-0187243_Va_O1,1.7236
La2O3-dataset2-0111542,La2O3-dataset2-0111542_Va_O1,6.5007
La2O3-dataset2-0289934,La2O3-dataset2-0289934_Va_O2,6.7049
La2O3-dataset2-0289934,La2O3-dataset2-0289934_Va_O1,6.3604
Ce2O3-dataset2-0289862,Ce2O3-dataset2-0289862_Va_O2,6.6495
Ce2O3-dataset2-0289862,Ce2O3-dataset2-0289862_Va_O1,6.4062
Ce1O2-dataset2-0289838,Ce1O2-dataset2-0289838_Va_O1,3.5104
Ca1Fe1O2-dataset2-0170770,Ca1Fe1O2-dataset2-0170770_Va_O1,5.363
Ca2Co1O3-dataset2-0117717,Ca2Co1O3-dataset2-0117717_Va_O2,4.9227
Ca2Co1O3-dataset2-0117717,Ca2Co1O3-dataset2-0117717_Va_O1,4.0287
Ca3Co2O6-dataset2-0118499,Ca3Co2O6-dataset2-0118499_Va_O3,2.3539
Ca3Co2O6-dataset2-0118499,Ca3Co2O6-dataset2-0118499_Va_O2,2.2547
Ca3Co2O6-dataset2-0118499,Ca3Co2O6-dataset2-0118499_Va_O1,2.3136
Ca1Co2O4-dataset2-0155087,Ca1Co2O4-dataset2-0155087_Va_O3,3.9338
Ca1Co2O4-dataset2-0155087,Ca1Co2O4-dataset2-0155087_Va_O2,3.3239
Ca1Co2O4-dataset2-0155087,Ca1Co2O4-dataset2-0155087_Va_O4,3.5178
Ca1Co2O4-dataset2-0155087,Ca1Co2O4-dataset2-0155087_Va_O1,4.3137
Ca1Ce1O3-dataset2-0289729,Ca1Ce1O3-dataset2-0289729_Va_O1,3.5519
Mn1O3Sr1-dataset2-0126839,Mn1O3Sr1-dataset2-0126839_Va_O3,1.9142
Mn1O3Sr1-dataset2-0126839,Mn1O3Sr1-dataset2-0126839_Va_O2,2.6973
Mn1O3Sr1-dataset2-0126839,Mn1O3Sr1-dataset2-0126839_Va_O4,1.9025
Mn1O3Sr1-dataset2-0126839,Mn1O3Sr1-dataset2-0126839_Va_O1,2.6833
Mn1O4Sr2-dataset2-0194281,Mn1O4Sr2-dataset2-0194281_Va_O2,2.6467
Mn1O4Sr2-dataset2-0194281,Mn1O4Sr2-dataset2-0194281_Va_O1,1.8799
Mn2O5Sr2-dataset2-0145133,Mn2O5Sr2-dataset2-0145133_Va_O3,3.5082
Mn2O5Sr2-dataset2-0145133,Mn2O5Sr2-dataset2-0145133_Va_O2,3.2408
Mn2O5Sr2-dataset2-0145133,Mn2O5Sr2-dataset2-0145133_Va_O1,3.162
Mn2O7Sr3-dataset2-0193429,Mn2O7Sr3-dataset2-0193429_Va_O3,1.8934
Mn2O7Sr3-dataset2-0193429,Mn2O7Sr3-dataset2-0193429_Va_O2,2.5349
Mn2O7Sr3-dataset2-0193429,Mn2O7Sr3-dataset2-0193429_Va_O1,1.7739
Mn3O10Sr4-dataset2-0146652,Mn3O10Sr4-dataset2-0146652_Va_O3,3.1405
Mn3O10Sr4-dataset2-0146652,Mn3O10Sr4-dataset2-0146652_Va_O2,2.2071
Mn3O10Sr4-dataset2-0146652,Mn3O10Sr4-dataset2-0146652_Va_O4,2.4631
Mn3O10Sr4-dataset2-0146652,Mn3O10Sr4-dataset2-0146652_Va_O1,2.6393
Mn3O10Sr4-dataset2-0146578,Mn3O10Sr4-dataset2-0146578_Va_O3,2.5501
Mn3O10Sr4-dataset2-0146578,Mn3O10Sr4-dataset2-0146578_Va_O2,2.5645
Mn3O10Sr4-dataset2-0146578,Mn3O10Sr4-dataset2-0146578_Va_O4,2.266
Mn3O10Sr4-dataset2-0146578,Mn3O10Sr4-dataset2-0146578_Va_O1,3.1606
Mn4O13Sr7-dataset2-0179730,Mn4O13Sr7-dataset2-0179730_Va_O6,4.169
Mn4O13Sr7-dataset2-0179730,Mn4O13Sr7-dataset2-0179730_Va_O3,3.9847
Mn4O13Sr7-dataset2-0179730,Mn4O13Sr7-dataset2-0179730_Va_O5,4.2397
Mn4O13Sr7-dataset2-0179730,Mn4O13Sr7-dataset2-0179730_Va_O2,3.8756
Mn4O13Sr7-dataset2-0179730,Mn4O13Sr7-dataset2-0179730_Va_O4,4.0549
Mn4O13Sr7-dataset2-0179730,Mn4O13Sr7-dataset2-0179730_Va_O7,3.3577
Mn4O13Sr7-dataset2-0179730,Mn4O13Sr7-dataset2-0179730_Va_O1,3.7441
Mn4O15Sr7-dataset2-0147283,Mn4O15Sr7-dataset2-0147283_Va_O4,3.1348
Mn4O15Sr7-dataset2-0147283,Mn4O15Sr7-dataset2-0147283_Va_O8,3.0286
Mn4O15Sr7-dataset2-0147283,Mn4O15Sr7-dataset2-0147283_Va_O10,2.1314
Mn4O15Sr7-dataset2-0147283,Mn4O15Sr7-dataset2-0147283_Va_O12,3.1718
Mn4O15Sr7-dataset2-0147283,Mn4O15Sr7-dataset2-0147283_Va_O13,3.0628
Mn4O15Sr7-dataset2-0147283,Mn4O15Sr7-dataset2-0147283_Va_O9,2.1827
Mn4O15Sr7-dataset2-0147283,Mn4O15Sr7-dataset2-0147283_Va_O1,3.2517
Mn4O15Sr7-dataset2-0147283,Mn4O15Sr7-dataset2-0147283_Va_O7,3.7456
Mn4O15Sr7-dataset2-0147283,Mn4O15Sr7-dataset2-0147283_Va_O2,3.1035
Mn4O15Sr7-dataset2-0147283,Mn4O15Sr7-dataset2-0147283_Va_O5,2.9128
Mn4O15Sr7-dataset2-0147283,Mn4O15Sr7-dataset2-0147283_Va_O3,3.1061
Mn4O15Sr7-dataset2-0147283,Mn4O15Sr7-dataset2-0147283_Va_O6,2.7648
Mn4O15Sr7-dataset2-0147283,Mn4O15Sr7-dataset2-0147283_Va_O14,3.1187
Mn4O15Sr7-dataset2-0147283,Mn4O15Sr7-dataset2-0147283_Va_O11,2.0786
Mn4O15Sr7-dataset2-0147283,Mn4O15Sr7-dataset2-0147283_Va_O15,3.0327
Fe12O19Sr1-dataset2-0142004,Fe12O19Sr1-dataset2-0142004_Va_O28,3.1738
Fe12O19Sr1-dataset2-0142004,Fe12O19Sr1-dataset2-0142004_Va_O9,2.994
Fe12O19Sr1-dataset2-0142004,Fe12O19Sr1-dataset2-0142004_Va_O2,3.1421
Fe12O19Sr1-dataset2-0142004,Fe12O19Sr1-dataset2-0142004_Va_O20,3.418
Fe12O19Sr1-dataset2-0142004,Fe12O19Sr1-dataset2-0142004_Va_O16,3.5072
Fe12O19Sr1-dataset2-0142004,Fe12O19Sr1-dataset2-0142004_Va_O4,3.2325
Fe12O19Sr1-dataset2-0142004,Fe12O19Sr1-dataset2-0142004_Va_O7,3.315
Fe12O19Sr1-dataset2-0142004,Fe12O19Sr1-dataset2-0142004_Va_O1,3.2493
Fe12O19Sr1-dataset2-0142004,Fe12O19Sr1-dataset2-0142004_Va_O13,3.3888
Fe12O19Sr1-dataset2-0142004,Fe12O19Sr1-dataset2-0142004_Va_O5,3.3618
Fe12O19Sr1-dataset2-0142004,Fe12O19Sr1-dataset2-0142004_Va_O12,3.1187
Fe12O19Sr1-dataset2-0142004,Fe12O19Sr1-dataset2-0142004_Va_O26,3.4277
Fe12O19Sr1-dataset2-0142004,Fe12O19Sr1-dataset2-0142004_Va_O18,3.2754
Fe12O19Sr1-dataset2-0142004,Fe12O19Sr1-dataset2-0142004_Va_O10,2.981
Fe12O19Sr1-dataset2-0142004,Fe12O19Sr1-dataset2-0142004_Va_O8,3.3198
Fe12O19Sr1-dataset2-0142004,Fe12O19Sr1-dataset2-0142004_Va_O15,3.5123
Fe12O19Sr1-dataset2-0142004,Fe12O19Sr1-dataset2-0142004_Va_O23,3.1789
Fe12O19Sr1-dataset2-0142004,Fe12O19Sr1-dataset2-0142004_Va_O27,3.0073
Fe12O19Sr1-dataset2-0142004,Fe12O19Sr1-dataset2-0142004_Va_O25,3.144
Fe12O19Sr1-dataset2-0142004,Fe12O19Sr1-dataset2-0142004_Va_O24,3.5529
Fe12O19Sr1-dataset2-0142004,Fe12O19Sr1-dataset2-0142004_Va_O3,3.214
Fe12O19Sr1-dataset2-0142004,Fe12O19Sr1-dataset2-0142004_Va_O11,3.0625
Fe12O19Sr1-dataset2-0142004,Fe12O19Sr1-dataset2-0142004_Va_O19,3.6432
Fe12O19Sr1-dataset2-0142004,Fe12O19Sr1-dataset2-0142004_Va_O14,3.5742
Fe12O19Sr1-dataset2-0142004,Fe12O19Sr1-dataset2-0142004_Va_O6,3.3139
Fe12O19Sr1-dataset2-0142004,Fe12O19Sr1-dataset2-0142004_Va_O17,3.2363
Fe12O19Sr1-dataset2-0142004,Fe12O19Sr1-dataset2-0142004_Va_O22,3.0089
Fe12O19Sr1-dataset2-0142004,Fe12O19Sr1-dataset2-0142004_Va_O21,3.2641
Fe2O5Sr2-dataset2-0143474,Fe2O5Sr2-dataset2-0143474_Va_O3,3.7262
Fe2O5Sr2-dataset2-0143474,Fe2O5Sr2-dataset2-0143474_Va_O5,3.4575
Fe2O5Sr2-dataset2-0143474,Fe2O5Sr2-dataset2-0143474_Va_O2,3.695
Fe2O5Sr2-dataset2-0143474,Fe2O5Sr2-dataset2-0143474_Va_O4,3.674
Fe2O5Sr2-dataset2-0143474,Fe2O5Sr2-dataset2-0143474_Va_O1,3.6862
Fe2O5Sr3-dataset2-0124785,Fe2O5Sr3-dataset2-0124785_Va_O3,5.4016
Fe2O5Sr3-dataset2-0124785,Fe2O5Sr3-dataset2-0124785_Va_O2,4.778
Fe2O5Sr3-dataset2-0124785,Fe2O5Sr3-dataset2-0124785_Va_O1,4.7267
Fe2O6Sr3-dataset2-0124041,Fe2O6Sr3-dataset2-0124041_Va_O2,4.1241
Fe2O6Sr3-dataset2-0124041,Fe2O6Sr3-dataset2-0124041_Va_O1,3.4211
Fe2O7Sr3-dataset2-0159759,Fe2O7Sr3-dataset2-0159759_Va_O3,0.5224
Fe2O7Sr3-dataset2-0159759,Fe2O7Sr3-dataset2-0159759_Va_O2,1.6842
Fe2O7Sr3-dataset2-0159759,Fe2O7Sr3-dataset2-0159759_Va_O1,1.0297
Fe4O11Sr4-dataset2-0161406,Fe4O11Sr4-dataset2-0161406_Va_O3,1.8638
Fe4O11Sr4-dataset2-0161406,Fe4O11Sr4-dataset2-0161406_Va_O2,1.8585
Fe4O11Sr4-dataset2-0161406,Fe4O11Sr4-dataset2-0161406_Va_O1,1.7607
Fe6O13Sr4-dataset2-0162339,Fe6O13Sr4-dataset2-0162339_Va_O4,3.3108
Fe6O13Sr4-dataset2-0162339,Fe6O13Sr4-dataset2-0162339_Va_O11,2.3967
Fe6O13Sr4-dataset2-0162339,Fe6O13Sr4-dataset2-0162339_Va_O12,2.588
Fe6O13Sr4-dataset2-0162339,Fe6O13Sr4-dataset2-0162339_Va_O13,3.1713
Fe6O13Sr4-dataset2-0162339,Fe6O13Sr4-dataset2-0162339_Va_O9,3.1014
Fe6O13Sr4-dataset2-0162339,Fe6O13Sr4-dataset2-0162339_Va_O1,3.3988
Fe6O13Sr4-dataset2-0162339,Fe6O13Sr4-dataset2-0162339_Va_O7,3.6481
Fe6O13Sr4-dataset2-0162339,Fe6O13Sr4-dataset2-0162339_Va_O5,3.5564
Fe6O13Sr4-dataset2-0162339,Fe6O13Sr4-dataset2-0162339_Va_O2,3.4074
Fe6O13Sr4-dataset2-0162339,Fe6O13Sr4-dataset2-0162339_Va_O10,3.2885
Fe6O13Sr4-dataset2-0162339,Fe6O13Sr4-dataset2-0162339_Va_O8,3.6529
Fe6O13Sr4-dataset2-0162339,Fe6O13Sr4-dataset2-0162339_Va_O3,3.4098
Fe6O13Sr4-dataset2-0162339,Fe6O13Sr4-dataset2-0162339_Va_O6,3.4803
Fe1O2Sr1-dataset2-0160074,Fe1O2Sr1-dataset2-0160074_Va_O1,4.9163
Fe1O3Sr1-dataset2-0159544,Fe1O3Sr1-dataset2-0159544_Va_O1,0.934
Fe1O4Sr2-dataset2-0142463,Fe1O4Sr2-dataset2-0142463_Va_O2,2.2501
Fe1O4Sr2-dataset2-0142463,Fe1O4Sr2-dataset2-0142463_Va_O1,1.9858
Co2O6Sr3-dataset2-0136665,Co2O6Sr3-dataset2-0136665_Va_O3,2.4099
Co2O6Sr3-dataset2-0136665,Co2O6Sr3-dataset2-0136665_Va_O2,2.4646
Co2O6Sr3-dataset2-0136665,Co2O6Sr3-dataset2-0136665_Va_O1,2.3741
Co5O15Sr6-dataset2-0171017,Co5O15Sr6-dataset2-0171017_Va_O8,1.7103
Co5O15Sr6-dataset2-0171017,Co5O15Sr6-dataset2-0171017_Va_O13,0.9633
Co5O15Sr6-dataset2-0171017,Co5O15Sr6-dataset2-0171017_Va_O9,1.7076
Co5O15Sr6-dataset2-0171017,Co5O15Sr6-dataset2-0171017_Va_O1,2.8092
Co5O15Sr6-dataset2-0171017,Co5O15Sr6-dataset2-0171017_Va_O7,1.6966
Co5O15Sr6-dataset2-0171017,Co5O15Sr6-dataset2-0171017_Va_O4,2.9466
Co5O15Sr6-dataset2-0171017,Co5O15Sr6-dataset2-0171017_Va_O5,3.075
Co5O15Sr6-dataset2-0171017,Co5O15Sr6-dataset2-0171017_Va_O2,2.8073
Co5O15Sr6-dataset2-0171017,Co5O15Sr6-dataset2-0171017_Va_O15,0.6908
Co5O15Sr6-dataset2-0171017,Co5O15Sr6-dataset2-0171017_Va_O10,1.101
Co5O15Sr6-dataset2-0171017,Co5O15Sr6-dataset2-0171017_Va_O3,2.8191
Co5O15Sr6-dataset2-0171017,Co5O15Sr6-dataset2-0171017_Va_O6,2.9496
Co5O15Sr6-dataset2-0171017,Co5O15Sr6-dataset2-0171017_Va_O14,1.124
Co5O15Sr6-dataset2-0171017,Co5O15Sr6-dataset2-0171017_Va_O11,1.1027
Co5O15Sr6-dataset2-0171017,Co5O15Sr6-dataset2-0171017_Va_O12,1.112
Co1O3Sr1-dataset2-0136293,Co1O3Sr1-dataset2-0136293_Va_O4,3.1962
Co1O3Sr1-dataset2-0136293,Co1O3Sr1-dataset2-0136293_Va_O10,0.2988
Co1O3Sr1-dataset2-0136293,Co1O3Sr1-dataset2-0136293_Va_O6,2.38
Co1O3Sr1-dataset2-0136293,Co1O3Sr1-dataset2-0136293_Va_O3,2.7913
Co1O3Sr1-dataset2-0136293,Co1O3Sr1-dataset2-0136293_Va_O5,2.8475
Co1O3Sr1-dataset2-0136293,Co1O3Sr1-dataset2-0136293_Va_O8,2.3349
Co1O3Sr1-dataset2-0136293,Co1O3Sr1-dataset2-0136293_Va_O2,2.8649
Co1O3Sr1-dataset2-0136293,Co1O3Sr1-dataset2-0136293_Va_O11,0.3353
Co1O3Sr1-dataset2-0136293,Co1O3Sr1-dataset2-0136293_Va_O7,2.4032
Co1O3Sr1-dataset2-0136293,Co1O3Sr1-dataset2-0136293_Va_O1,2.4789
Co1O3Sr1-dataset2-0136293,Co1O3Sr1-dataset2-0136293_Va_O9,0.2835
Co1O3Sr1-dataset2-0136293,Co1O3Sr1-dataset2-0136293_Va_O12,0.3052
Ce1O3Sr1-dataset2-0290130,Ce1O3Sr1-dataset2-0290130_Va_O2,5.1089
Ce1O3Sr1-dataset2-0290130,Ce1O3Sr1-dataset2-0290130_Va_O1,5.1286
Ce1O4Sr2-dataset2-0290198,Ce1O4Sr2-dataset2-0290198_Va_O2,5.4903
Ba1Mn1O3-dataset2-0289618,Ba1Mn1O3-dataset2-0289618_Va_O1,2.6893
Ba2Mn1O3-dataset2-0185165,Ba2Mn1O3-dataset2-0185165_Va_O3,5.001
Ba2Mn1O3-dataset2-0185165,Ba2Mn1O3-dataset2-0185165_Va_O2,5.4336
Ba2Mn1O3-dataset2-0185165,Ba2Mn1O3-dataset2-0185165_Va_O4,5.22
Ba2Mn1O3-dataset2-0185165,Ba2Mn1O3-dataset2-0185165_Va_O1,5.6729
Ba3Mn2O8-dataset2-0184694,Ba3Mn2O8-dataset2-0184694_Va_O2,3.2502
Ba3Mn2O8-dataset2-0184694,Ba3Mn2O8-dataset2-0184694_Va_O1,3.2896
Ba4Mn3O10-dataset2-0185492,Ba4Mn3O10-dataset2-0185492_Va_O3,2.5039
Ba4Mn3O10-dataset2-0185492,Ba4Mn3O10-dataset2-0185492_Va_O2,2.4692
Ba4Mn3O10-dataset2-0185492,Ba4Mn3O10-dataset2-0185492_Va_O4,2.2385
Ba4Mn3O10-dataset2-0185492,Ba4Mn3O10-dataset2-0185492_Va_O1,3.0032
Ba6Mn5O16-dataset2-0135701,Ba6Mn5O16-dataset2-0135701_Va_O6,2.4041
Ba6Mn5O16-dataset2-0135701,Ba6Mn5O16-dataset2-0135701_Va_O3,3.0089
Ba6Mn5O16-dataset2-0135701,Ba6Mn5O16-dataset2-0135701_Va_O5,2.811
Ba6Mn5O16-dataset2-0135701,Ba6Mn5O16-dataset2-0135701_Va_O2,2.4483
Ba6Mn5O16-dataset2-0135701,Ba6Mn5O16-dataset2-0135701_Va_O4,2.7863
Ba6Mn5O16-dataset2-0135701,Ba6Mn5O16-dataset2-0135701_Va_O1,2.1993
Ba1Mn2O3-dataset2-0134600,Ba1Mn2O3-dataset2-0134600_Va_O2,5.4596
Ba1Mn2O3-dataset2-0134600,Ba1Mn2O3-dataset2-0134600_Va_O1,4.7909
Ba1Mn2O8-dataset2-0185408,Ba1Mn2O8-dataset2-0185408_Va_O2,1.712
Ba1Mn2O8-dataset2-0185408,Ba1Mn2O8-dataset2-0185408_Va_O1,0.6038
Ba1Mn3O6-dataset2-0117270,Ba1Mn3O6-dataset2-0117270_Va_O4,1.5668
Ba1Mn3O6-dataset2-0117270,Ba1Mn3O6-dataset2-0117270_Va_O2,1.7261
Ba1Mn3O6-dataset2-0117270,Ba1Mn3O6-dataset2-0117270_Va_O12,1.4482
Ba1Mn3O6-dataset2-0117270,Ba1Mn3O6-dataset2-0117270_Va_O9,2.5242
Ba1Mn3O6-dataset2-0117270,Ba1Mn3O6-dataset2-0117270_Va_O1,1.8772
Ba1Mn3O6-dataset2-0117270,Ba1Mn3O6-dataset2-0117270_Va_O7,2.3331
Ba1Mn3O6-dataset2-0117270,Ba1Mn3O6-dataset2-0117270_Va_O11,1.2961
Ba1Mn3O6-dataset2-0117270,Ba1Mn3O6-dataset2-0117270_Va_O8,2.3141
Ba1Mn3O6-dataset2-0117270,Ba1Mn3O6-dataset2-0117270_Va_O10,2.3704
Ba1Mn3O6-dataset2-0117270,Ba1Mn3O6-dataset2-0117270_Va_O5,1.4805
Ba1Mn3O6-dataset2-0117270,Ba1Mn3O6-dataset2-0117270_Va_O3,1.5426
Ba1Mn3O6-dataset2-0117270,Ba1Mn3O6-dataset2-0117270_Va_O6,0.285
Ba1Mn1O2-dataset2-0012370,Ba1Mn1O2-dataset2-0012370_Va_O1,5.1318
Ba2Fe2O5-dataset2-0185027,Ba2Fe2O5-dataset2-0185027_Va_O27,3.1514
Ba2Fe2O5-dataset2-0185027,Ba2Fe2O5-dataset2-0185027_Va_O42,3.9052
Ba2Fe2O5-dataset2-0185027,Ba2Fe2O5-dataset2-0185027_Va_O29,3.1434
Ba2Fe2O5-dataset2-0185027,Ba2Fe2O5-dataset2-0185027_Va_O68,2.8167
Ba2Fe2O5-dataset2-0185027,Ba2Fe2O5-dataset2-0185027_Va_O45,3.6207
Ba2Fe2O5-dataset2-0185027,Ba2Fe2O5-dataset2-0185027_Va_O41,3.8978
Ba2Fe2O5-dataset2-0185027,Ba2Fe2O5-dataset2-0185027_Va_O1,2.9418
Ba2Fe2O5-dataset2-0185027,Ba2Fe2O5-dataset2-0185027_Va_O30,3.1198
Ba2Fe2O5-dataset2-0185027,Ba2Fe2O5-dataset2-0185027_Va_O7,3.0174
Ba2Fe2O5-dataset2-0185027,Ba2Fe2O5-dataset2-0185027_Va_O4,3.3757
Ba2Fe2O5-dataset2-0185027,Ba2Fe2O5-dataset2-0185027_Va_O16,2.9076
Ba2Fe2O5-dataset2-0185027,Ba2Fe2O5-dataset2-0185027_Va_O62,3.456
Ba2Fe2O5-dataset2-0185027,Ba2Fe2O5-dataset2-0185027_Va_O32,3.6969
Ba2Fe2O5-dataset2-0185027,Ba2Fe2O5-dataset2-0185027_Va_O20,2.8587
Ba2Fe2O5-dataset2-0185027,Ba2Fe2O5-dataset2-0185027_Va_O2,2.8236
Ba2Fe2O5-dataset2-0185027,Ba2Fe2O5-dataset2-0185027_Va_O25,3.1349
Ba2Fe2O5-dataset2-0185027,Ba2Fe2O5-dataset2-0185027_Va_O48,3.5437
Ba2Fe2O5-dataset2-0185027,Ba2Fe2O5-dataset2-0185027_Va_O65,3.3624
Ba2Fe2O5-dataset2-0185027,Ba2Fe2O5-dataset2-0185027_Va_O51,3.1538
Ba2Fe2O5-dataset2-0185027,Ba2Fe2O5-dataset2-0185027_Va_O44,3.5205
Ba2Fe2O5-dataset2-0185027,Ba2Fe2O5-dataset2-0185027_Va_O40,3.8602
Ba2Fe2O5-dataset2-0185027,Ba2Fe2O5-dataset2-0185027_Va_O66,3.2594
Ba2Fe2O5-dataset2-0185027,Ba2Fe2O5-dataset2-0185027_Va_O5,3.4238
Ba2Fe2O5-dataset2-0185027,Ba2Fe2O5-dataset2-0185027_Va_O47,3.4671
Ba2Fe2O5-dataset2-0185027,Ba2Fe2O5-dataset2-0185027_Va_O33,3.6871
Ba2Fe2O5-dataset2-0185027,Ba2Fe2O5-dataset2-0185027_Va_O15,3.0437
Ba2Fe2O5-dataset2-0185027,Ba2Fe2O5-dataset2-0185027_Va_O8,2.9368
Ba2Fe2O5-dataset2-0185027,Ba2Fe2O5-dataset2-0185027_Va_O35,3.3392
Ba2Fe2O5-dataset2-0185027,Ba2Fe2O5-dataset2-0185027_Va_O69,2.8941
Ba2Fe2O5-dataset2-0185027,Ba2Fe2O5-dataset2-0185027_Va_O10,2.8887
Ba2Fe2O5-dataset2-0185027,Ba2Fe2O5-dataset2-0185027_Va_O18,2.8792
Ba2Fe2O5-dataset2-0185027,Ba2Fe2O5-dataset2-0185027_Va_O26,3.0935
Ba2Fe2O5-dataset2-0185027,Ba2Fe2O5-dataset2-0185027_Va_O67,2.9132
Ba2Fe2O5-dataset2-0185027,Ba2Fe2O5-dataset2-0185027_Va_O9,3.0007
Ba2Fe2O5-dataset2-0185027,Ba2Fe2O5-dataset2-0185027_Va_O57,3.346
Ba2Fe2O5-dataset2-0185027,Ba2Fe2O5-dataset2-0185027_Va_O52,3.448
Ba2Fe2O5-dataset2-0185027,Ba2Fe2O5-dataset2-0185027_Va_O31,3.7062
Ba2Fe2O5-dataset2-0185027,Ba2Fe2O5-dataset2-0185027_Va_O53,3.2867
Ba2Fe2O5-dataset2-0185027,Ba2Fe2O5-dataset2-0185027_Va_O60,3.6128
Ba2Fe2O5-dataset2-0185027,Ba2Fe2O5-dataset2-0185027_Va_O12,3.2679
Ba2Fe2O5-dataset2-0185027,Ba2Fe2O5-dataset2-0185027_Va_O13,3.3174
Ba2Fe2O5-dataset2-0185027,Ba2Fe2O5-dataset2-0185027_Va_O37,3.2645
Ba2Fe2O5-dataset2-0185027,Ba2Fe2O5-dataset2-0185027_Va_O50,3.5422
Ba2Fe2O5-dataset2-0185027,Ba2Fe2O5-dataset2-0185027_Va_O23,3.2754
Ba2Fe2O5-dataset2-0185027,Ba2Fe2O5-dataset2-0185027_Va_O17,2.9764
Ba2Fe2O5-dataset2-0185027,Ba2Fe2O5-dataset2-0185027_Va_O63,3.3509
Ba2Fe2O5-dataset2-0185027,Ba2Fe2O5-dataset2-0185027_Va_O34,3.6461
Ba2Fe2O5-dataset2-0185027,Ba2Fe2O5-dataset2-0185027_Va_O21,2.9288
Ba2Fe2O5-dataset2-0185027,Ba2Fe2O5-dataset2-0185027_Va_O56,3.4226
Ba2Fe2O5-dataset2-0185027,Ba2Fe2O5-dataset2-0185027_Va_O49,3.456
Ba2Fe2O5-dataset2-0185027,Ba2Fe2O5-dataset2-0185027_Va_O39,3.8752
Ba2Fe2O5-dataset2-0185027,Ba2Fe2O5-dataset2-0185027_Va_O61,3.5989
Ba2Fe2O5-dataset2-0185027,Ba2Fe2O5-dataset2-0185027_Va_O3,3.4347
Ba2Fe2O5-dataset2-0185027,Ba2Fe2O5-dataset2-0185027_Va_O6,3.196
Ba2Fe2O5-dataset2-0185027,Ba2Fe2O5-dataset2-0185027_Va_O14,3.1745
Ba2Fe2O5-dataset2-0185027,Ba2Fe2O5-dataset2-0185027_Va_O46,3.7287
Ba2Fe2O5-dataset2-0185027,Ba2Fe2O5-dataset2-0185027_Va_O58,3.3894
Ba2Fe2O5-dataset2-0185027,Ba2Fe2O5-dataset2-0185027_Va_O24,3.089
Ba2Fe2O5-dataset2-0185027,Ba2Fe2O5-dataset2-0185027_Va_O70,2.7269
Ba2Fe2O5-dataset2-0185027,Ba2Fe2O5-dataset2-0185027_Va_O11,3.3856
Ba2Fe2O5-dataset2-0185027,Ba2Fe2O5-dataset2-0185027_Va_O19,2.9353
Ba2Fe2O5-dataset2-0185027,Ba2Fe2O5-dataset2-0185027_Va_O38,3.2723
Ba2Fe2O5-dataset2-0185027,Ba2Fe2O5-dataset2-0185027_Va_O55,3.1687
Ba2Fe2O5-dataset2-0185027,Ba2Fe2O5-dataset2-0185027_Va_O59,3.3763
Ba2Fe2O5-dataset2-0185027,Ba2Fe2O5-dataset2-0185027_Va_O36,3.2114
Ba2Fe2O5-dataset2-0185027,Ba2Fe2O5-dataset2-0185027_Va_O22,2.8928
Ba2Fe2O5-dataset2-0185027,Ba2Fe2O5-dataset2-0185027_Va_O64,3.3174
Ba2Fe2O5-dataset2-0185027,Ba2Fe2O5-dataset2-0185027_Va_O28,3.1018
Ba2Fe2O5-dataset2-0185027,Ba2Fe2O5-dataset2-0185027_Va_O43,3.7097
Ba2Fe2O5-dataset2-0185027,Ba2Fe2O5-dataset2-0185027_Va_O54,3.3637
Ba2Fe6O11-dataset2-0116531,Ba2Fe6O11-dataset2-0116531_Va_O13,3.1182
Ba2Fe6O11-dataset2-0116531,Ba2Fe6O11-dataset2-0116531_Va_O4,3.4672
Ba2Fe6O11-dataset2-0116531,Ba2Fe6O11-dataset2-0116531_Va_O20,3.4512
Ba2Fe6O11-dataset2-0116531,Ba2Fe6O11-dataset2-0116531_Va_O7,3.5175
Ba2Fe6O11-dataset2-0116531,Ba2Fe6O11-dataset2-0116531_Va_O2,3.5308
Ba2Fe6O11-dataset2-0116531,Ba2Fe6O11-dataset2-0116531_Va_O5,3.2971
Ba2Fe6O11-dataset2-0116531,Ba2Fe6O11-dataset2-0116531_Va_O1,3.3653
Ba2Fe6O11-dataset2-0116531,Ba2Fe6O11-dataset2-0116531_Va_O18,3.3609
Ba2Fe6O11-dataset2-0116531,Ba2Fe6O11-dataset2-0116531_Va_O10,3.7312
Ba2Fe6O11-dataset2-0116531,Ba2Fe6O11-dataset2-0116531_Va_O12,3.5115
Ba2Fe6O11-dataset2-0116531,Ba2Fe6O11-dataset2-0116531_Va_O17,3.4571
Ba2Fe6O11-dataset2-0116531,Ba2Fe6O11-dataset2-0116531_Va_O9,3.658
Ba2Fe6O11-dataset2-0116531,Ba2Fe6O11-dataset2-0116531_Va_O8,3.2533
Ba2Fe6O11-dataset2-0116531,Ba2Fe6O11-dataset2-0116531_Va_O3,3.6066
Ba2Fe6O11-dataset2-0116531,Ba2Fe6O11-dataset2-0116531_Va_O6,3.4083
Ba2Fe6O11-dataset2-0116531,Ba2Fe6O11-dataset2-0116531_Va_O14,3.138
Ba2Fe6O11-dataset2-0116531,Ba2Fe6O11-dataset2-0116531_Va_O11,3.7633
Ba2Fe6O11-dataset2-0116531,Ba2Fe6O11-dataset2-0116531_Va_O19,3.4095
Ba2Fe6O11-dataset2-0116531,Ba2Fe6O11-dataset2-0116531_Va_O15,3.283
Ba2Fe6O11-dataset2-0116531,Ba2Fe6O11-dataset2-0116531_Va_O22,3.3964
Ba2Fe6O11-dataset2-0116531,Ba2Fe6O11-dataset2-0116531_Va_O21,3.5861
Ba2Fe6O11-dataset2-0116531,Ba2Fe6O11-dataset2-0116531_Va_O16,3.277
Ba2Fe1O4-dataset2-0169441,Ba2Fe1O4-dataset2-0169441_Va_O3,2.6558
Ba2Fe1O4-dataset2-0169441,Ba2Fe1O4-dataset2-0169441_Va_O2,2.4015
Ba2Fe1O4-dataset2-0169441,Ba2Fe1O4-dataset2-0169441_Va_O4,2.7749
Ba2Fe1O4-dataset2-0169441,Ba2Fe1O4-dataset2-0169441_Va_O1,2.2037
Ba3Fe1O5-dataset2-0185205,Ba3Fe1O5-dataset2-0185205_Va_O3,2.2623
Ba3Fe1O5-dataset2-0185205,Ba3Fe1O5-dataset2-0185205_Va_O2,2.8479
Ba3Fe1O5-dataset2-0185205,Ba3Fe1O5-dataset2-0185205_Va_O4,0.975
Ba3Fe1O5-dataset2-0185205,Ba3Fe1O5-dataset2-0185205_Va_O1,2.6054
Ba1Fe12O19-dataset2-0167571,Ba1Fe12O19-dataset2-0167571_Va_O28,3.5554
Ba1Fe12O19-dataset2-0167571,Ba1Fe12O19-dataset2-0167571_Va_O5,3.4677
Ba1Fe12O19-dataset2-0167571,Ba1Fe12O19-dataset2-0167571_Va_O2,3.1799
Ba1Fe12O19-dataset2-0167571,Ba1Fe12O19-dataset2-0167571_Va_O20,3.5007
Ba1Fe12O19-dataset2-0167571,Ba1Fe12O19-dataset2-0167571_Va_O16,3.4188
Ba1Fe12O19-dataset2-0167571,Ba1Fe12O19-dataset2-0167571_Va_O4,3.1821
Ba1Fe12O19-dataset2-0167571,Ba1Fe12O19-dataset2-0167571_Va_O7,3.14
Ba1Fe12O19-dataset2-0167571,Ba1Fe12O19-dataset2-0167571_Va_O1,3.1738
Ba1Fe12O19-dataset2-0167571,Ba1Fe12O19-dataset2-0167571_Va_O9,3.03
Ba1Fe12O19-dataset2-0167571,Ba1Fe12O19-dataset2-0167571_Va_O13,3.5548
Ba1Fe12O19-dataset2-0167571,Ba1Fe12O19-dataset2-0167571_Va_O12,3.2187
Ba1Fe12O19-dataset2-0167571,Ba1Fe12O19-dataset2-0167571_Va_O26,3.021
Ba1Fe12O19-dataset2-0167571,Ba1Fe12O19-dataset2-0167571_Va_O18,3.4508
Ba1Fe12O19-dataset2-0167571,Ba1Fe12O19-dataset2-0167571_Va_O10,2.7819
Ba1Fe12O19-dataset2-0167571,Ba1Fe12O19-dataset2-0167571_Va_O8,3.3734
Ba1Fe12O19-dataset2-0167571,Ba1Fe12O19-dataset2-0167571_Va_O15,3.5327
Ba1Fe12O19-dataset2-0167571,Ba1Fe12O19-dataset2-0167571_Va_O23,3.44
Ba1Fe12O19-dataset2-0167571,Ba1Fe12O19-dataset2-0167571_Va_O27,3.1379
Ba1Fe12O19-dataset2-0167571,Ba1Fe12O19-dataset2-0167571_Va_O25,3.1846
Ba1Fe12O19-dataset2-0167571,Ba1Fe12O19-dataset2-0167571_Va_O11,3.2083
Ba1Fe12O19-dataset2-0167571,Ba1Fe12O19-dataset2-0167571_Va_O6,3.5184
Ba1Fe12O19-dataset2-0167571,Ba1Fe12O19-dataset2-0167571_Va_O24,3.3574
Ba1Fe12O19-dataset2-0167571,Ba1Fe12O19-dataset2-0167571_Va_O21,3.1778
Ba1Fe12O19-dataset2-0167571,Ba1Fe12O19-dataset2-0167571_Va_O14,3.5017
Ba1Fe12O19-dataset2-0167571,Ba1Fe12O19-dataset2-0167571_Va_O17,3.5005
Ba1Fe12O19-dataset2-0167571,Ba1Fe12O19-dataset2-0167571_Va_O19,3.3892
Ba1Fe12O19-dataset2-0167571,Ba1Fe12O19-dataset2-0167571_Va_O22,3.4613
Ba1Fe12O19-dataset2-0167571,Ba1Fe12O19-dataset2-0167571_Va_O3,3.1986
Ba1Fe18O27-dataset2-0153176,Ba1Fe18O27-dataset2-0153176_Va_O2,3.0909
Ba1Fe18O27-dataset2-0153176,Ba1Fe18O27-dataset2-0153176_Va_O12,3.1982
Ba1Fe18O27-dataset2-0153176,Ba1Fe18O27-dataset2-0153176_Va_O9,3.1312
Ba1Fe18O27-dataset2-0153176,Ba1Fe18O27-dataset2-0153176_Va_O1,3.0812
Ba1Fe18O27-dataset2-0153176,Ba1Fe18O27-dataset2-0153176_Va_O7,3.1175
Ba1Fe18O27-dataset2-0153176,Ba1Fe18O27-dataset2-0153176_Va_O4,3.1168
Ba1Fe18O27-dataset2-0153176,Ba1Fe18O27-dataset2-0153176_Va_O16,3.3278
Ba1Fe18O27-dataset2-0153176,Ba1Fe18O27-dataset2-0153176_Va_O20,3.6341
Ba1Fe18O27-dataset2-0153176,Ba1Fe18O27-dataset2-0153176_Va_O25,3.6446
Ba1Fe18O27-dataset2-0153176,Ba1Fe18O27-dataset2-0153176_Va_O27,3.2353
Ba1Fe18O27-dataset2-0153176,Ba1Fe18O27-dataset2-0153176_Va_O26,3.2711
Ba1Fe18O27-dataset2-0153176,Ba1Fe18O27-dataset2-0153176_Va_O5,3.115
Ba1Fe18O27-dataset2-0153176,Ba1Fe18O27-dataset2-0153176_Va_O18,3.5013
Ba1Fe18O27-dataset2-0153176,Ba1Fe18O27-dataset2-0153176_Va_O10,3.4078
Ba1Fe18O27-dataset2-0153176,Ba1Fe18O27-dataset2-0153176_Va_O13,3.1672
Ba1Fe18O27-dataset2-0153176,Ba1Fe18O27-dataset2-0153176_Va_O21,3.6541
Ba1Fe18O27-dataset2-0153176,Ba1Fe18O27-dataset2-0153176_Va_O23,3.6604
Ba1Fe18O27-dataset2-0153176,Ba1Fe18O27-dataset2-0153176_Va_O3,3.0575
Ba1Fe18O27-dataset2-0153176,Ba1Fe18O27-dataset2-0153176_Va_O6,3.0917
Ba1Fe18O27-dataset2-0153176,Ba1Fe18O27-dataset2-0153176_Va_O14,3.3179
Ba1Fe18O27-dataset2-0153176,Ba1Fe18O27-dataset2-0153176_Va_O24,3.6338
Ba1Fe18O27-dataset2-0153176,Ba1Fe18O27-dataset2-0153176_Va_O11,3.2116
Ba1Fe18O27-dataset2-0153176,Ba1Fe18O27-dataset2-0153176_Va_O17,3.3513
Ba1Fe18O27-dataset2-0153176,Ba1Fe18O27-dataset2-0153176_Va_O8,3.123
Ba1Fe18O27-dataset2-0153176,Ba1Fe18O27-dataset2-0153176_Va_O19,3.6933
Ba1Fe18O27-dataset2-0153176,Ba1Fe18O27-dataset2-0153176_Va_O15,3.4208
Ba1Fe18O27-dataset2-0153176,Ba1Fe18O27-dataset2-0153176_Va_O22,3.6541
Ba1Fe2O4-dataset2-0115470,Ba1Fe2O4-dataset2-0115470_Va_O3,3.7144
Ba1Fe2O4-dataset2-0115470,Ba1Fe2O4-dataset2-0115470_Va_O5,3.0827
Ba1Fe2O4-dataset2-0115470,Ba1Fe2O4-dataset2-0115470_Va_O2,3.6714
Ba1Fe2O4-dataset2-0115470,Ba1Fe2O4-dataset2-0115470_Va_O4,3.0333
Ba1Fe2O4-dataset2-0115470,Ba1Fe2O4-dataset2-0115470_Va_O1,3.805
Ba1Fe1O3-dataset2-0115344,Ba1Fe1O3-dataset2-0115344_Va_O7,1.2223
Ba1Fe1O3-dataset2-0115344,Ba1Fe1O3-dataset2-0115344_Va_O10,0.8996
Ba1Fe1O3-dataset2-0115344,Ba1Fe1O3-dataset2-0115344_Va_O3,0.2815
Ba1Fe1O3-dataset2-0115344,Ba1Fe1O3-dataset2-0115344_Va_O8,1.1015
Ba1Fe1O3-dataset2-0115344,Ba1Fe1O3-dataset2-0115344_Va_O5,1.0307
Ba1Fe1O3-dataset2-0115344,Ba1Fe1O3-dataset2-0115344_Va_O2,0.5346
Ba1Fe1O3-dataset2-0115344,Ba1Fe1O3-dataset2-0115344_Va_O4,0.4659
Ba1Fe1O3-dataset2-0115344,Ba1Fe1O3-dataset2-0115344_Va_O6,1.2079
Ba1Fe1O3-dataset2-0115344,Ba1Fe1O3-dataset2-0115344_Va_O1,0.5393
Ba1Fe1O3-dataset2-0115344,Ba1Fe1O3-dataset2-0115344_Va_O9,1.2119
Ba2Co1O4-dataset2-0169661,Ba2Co1O4-dataset2-0169661_Va_O3,1.9811
Ba2Co1O4-dataset2-0169661,Ba2Co1O4-dataset2-0169661_Va_O2,2.3064
Ba2Co1O4-dataset2-0169661,Ba2Co1O4-dataset2-0169661_Va_O4,1.9508
Ba2Co1O4-dataset2-0169661,Ba2Co1O4-dataset2-0169661_Va_O1,2.0999
Ba5Co5O14-dataset2-0185107,Ba5Co5O14-dataset2-0185107_Va_O3,1.6998
Ba5Co5O14-dataset2-0185107,Ba5Co5O14-dataset2-0185107_Va_O5,1.7332
Ba5Co5O14-dataset2-0185107,Ba5Co5O14-dataset2-0185107_Va_O2,1.6794
Ba5Co5O14-dataset2-0185107,Ba5Co5O14-dataset2-0185107_Va_O4,1.5741
Ba5Co5O14-dataset2-0185107,Ba5Co5O14-dataset2-0185107_Va_O1,1.4104
Ba1Co1O2-dataset2-0182355,Ba1Co1O2-dataset2-0182355_Va_O1,4.5449
Ba1Ce1O3-dataset2-0289614,Ba1Ce1O3-dataset2-0289614_Va_O2,5.079
Ba1Ce1O3-dataset2-0289614,Ba1Ce1O3-dataset2-0289614_Va_O1,5.014
Fe2Mn1O4-dataset2-0012201,Fe2Mn1O4-dataset2-0012201_Va_O1,4.0848
Co2Mn3O8-dataset2-0170164,Co2Mn3O8-dataset2-0170164_Va_O6,2.4451
Co2Mn3O8-dataset2-0170164,Co2Mn3O8-dataset2-0170164_Va_O3,2.1772
Co2Mn3O8-dataset2-0170164,Co2Mn3O8-dataset2-0170164_Va_O5,3.0644
Co2Mn3O8-dataset2-0170164,Co2Mn3O8-dataset2-0170164_Va_O2,3.2942
Co2Mn3O8-dataset2-0170164,Co2Mn3O8-dataset2-0170164_Va_O4,3.6221
Co2Mn3O8-dataset2-0170164,Co2Mn3O8-dataset2-0170164_Va_O1,2.204
Co1Mn1O3-dataset2-0136261,Co1Mn1O3-dataset2-0136261_Va_O1,2.7537
La1Mn1O3-dataset2-0126619,La1Mn1O3-dataset2-0126619_Va_O2,4.034
La1Mn1O3-dataset2-0126619,La1Mn1O3-dataset2-0126619_Va_O1,3.7311
La1Mn1O3-dataset2-0289876,La1Mn1O3-dataset2-0289876_Va_O2,3.8986
La1Mn1O3-dataset2-0289876,La1Mn1O3-dataset2-0289876_Va_O1,3.9265
La1Mn2O5-dataset2-0163417,La1Mn2O5-dataset2-0163417_Va_O3,2.2759
La1Mn2O5-dataset2-0163417,La1Mn2O5-dataset2-0163417_Va_O2,3.1434
La1Mn2O5-dataset2-0163417,La1Mn2O5-dataset2-0163417_Va_O4,2.9048
La1Mn2O5-dataset2-0163417,La1Mn2O5-dataset2-0163417_Va_O1,3.6029
La1Mn7O12-dataset2-0193122,La1Mn7O12-dataset2-0193122_Va_O3,2.8799
La1Mn7O12-dataset2-0193122,La1Mn7O12-dataset2-0193122_Va_O2,3.16
La1Mn7O12-dataset2-0193122,La1Mn7O12-dataset2-0193122_Va_O4,2.9978
La1Mn7O12-dataset2-0193122,La1Mn7O12-dataset2-0193122_Va_O1,2.7992
Co1Fe2O4-dataset2-0012299,Co1Fe2O4-dataset2-0012299_Va_O1,4.0741
Fe1La3O6-dataset2-0174252,Fe1La3O6-dataset2-0174252_Va_O3,4.9114
Fe1La3O6-dataset2-0174252,Fe1La3O6-dataset2-0174252_Va_O2,4.98
Fe1La3O6-dataset2-0174252,Fe1La3O6-dataset2-0174252_Va_O4,5.4253
Fe1La3O6-dataset2-0174252,Fe1La3O6-dataset2-0174252_Va_O1,5.2854
Fe1La1O3-dataset2-0174238,Fe1La1O3-dataset2-0174238_Va_O2,4.3816
Fe1La1O3-dataset2-0174238,Fe1La1O3-dataset2-0174238_Va_O1,4.3781
Co2La2O5-dataset2-0156399,Co2La2O5-dataset2-0156399_Va_O3,5.2022
Co2La2O5-dataset2-0156399,Co2La2O5-dataset2-0156399_Va_O2,5.4031
Co2La2O5-dataset2-0156399,Co2La2O5-dataset2-0156399_Va_O1,5.1039
Co3La3O8-dataset2-0136334,Co3La3O8-dataset2-0136334_Va_O9,2.4419
Co3La3O8-dataset2-0136334,Co3La3O8-dataset2-0136334_Va_O6,2.8147
Co3La3O8-dataset2-0136334,Co3La3O8-dataset2-0136334_Va_O3,4.1053
Co3La3O8-dataset2-0136334,Co3La3O8-dataset2-0136334_Va_O5,2.9002
Co3La3O8-dataset2-0136334,Co3La3O8-dataset2-0136334_Va_O8,2.6891
Co3La3O8-dataset2-0136334,Co3La3O8-dataset2-0136334_Va_O2,4.3804
Co3La3O8-dataset2-0136334,Co3La3O8-dataset2-0136334_Va_O4,3.8718
Co3La3O8-dataset2-0136334,Co3La3O8-dataset2-0136334_Va_O7,2.5753
Co3La3O8-dataset2-0136334,Co3La3O8-dataset2-0136334_Va_O1,4.3676
Co3La3O8-dataset2-0136334,Co3La3O8-dataset2-0136334_Va_O10,2.4889
Co3La4O9-dataset2-0120257,Co3La4O9-dataset2-0120257_Va_O3,4.9763
Co3La4O9-dataset2-0120257,Co3La4O9-dataset2-0120257_Va_O5,5.2496
Co3La4O9-dataset2-0120257,Co3La4O9-dataset2-0120257_Va_O2,5.9831
Co3La4O9-dataset2-0120257,Co3La4O9-dataset2-0120257_Va_O4,4.974
Co3La4O9-dataset2-0120257,Co3La4O9-dataset2-0120257_Va_O1,5.1746
Co1La1O3-dataset2-0169397,Co1La1O3-dataset2-0169397_Va_O2,2.4289
Co1La1O3-dataset2-0169397,Co1La1O3-dataset2-0169397_Va_O1,2.6204
Ce2La2O7-dataset2-0289949,Ce2La2O7-dataset2-0289949_Va_O2,5.4163
Ce2La2O7-dataset2-0289949,Ce2La2O7-dataset2-0289949_Va_O1,4.4457
Ba1La2O4-dataset2-icsd427481,Ba1La2O4-dataset2-icsd427481_Va_O3,6.6203
Ba1La2O4-dataset2-icsd427481,Ba1La2O4-dataset2-icsd427481_Va_O2,6.4588
Ba1La2O4-dataset2-icsd427481,Ba1La2O4-dataset2-icsd427481_Va_O4,6.5091
Ba1La2O4-dataset2-icsd427481,Ba1La2O4-dataset2-icsd427481_Va_O1,6.5252
Co1La2O4-dataset2-icsd16404,Co1La2O4-dataset2-icsd16404_Va_O2,5.9606
Co1La2O4-dataset2-icsd16404,Co1La2O4-dataset2-icsd16404_Va_O1,4.9685
Ba1Ce2O4-dataset2-icsd427482,Ba1Ce2O4-dataset2-icsd427482_Va_O3,6.6828
Ba1Ce2O4-dataset2-icsd427482,Ba1Ce2O4-dataset2-icsd427482_Va_O2,6.5518
Ba1Ce2O4-dataset2-icsd427482,Ba1Ce2O4-dataset2-icsd427482_Va_O4,6.5635
Ba1Ce2O4-dataset2-icsd427482,Ba1Ce2O4-dataset2-icsd427482_Va_O1,6.8914
Al2Co1O4-dataset2-0009491,Al2Co1O4-dataset2-0009491_Va_O1,6.2195
Al2Mg1O4-dataset2-0009494,Al2Mg1O4-dataset2-0009494_Va_O1,6.8115
Al2Ni1O4-dataset2-0009499,Al2Ni1O4-dataset2-0009499_Va_O2,5.5104
Al2Ni1O4-dataset2-0009499,Al2Ni1O4-dataset2-0009499_Va_O1,6.2466
Al2O3-dataset2-0009540,Al2O3-dataset2-0009540_Va_O1,6.995
Al2Mn1O4-dataset2-0009572,Al2Mn1O4-dataset2-0009572_Va_O1,6.1385
Al2O3-dataset2-0009576,Al2O3-dataset2-0009576_Va_O1,6.995
Fe2Mg1O4-dataset2-0009694,Fe2Mg1O4-dataset2-0009694_Va_O1,4.2252
In2Mn1O4-dataset2-0009859,In2Mn1O4-dataset2-0009859_Va_O1,4.2135
In2O3-dataset2-0009889,In2O3-dataset2-0009889_Va_O1,3.7275
Co1In2O4-dataset2-0009921,Co1In2O4-dataset2-0009921_Va_O1,4.052
In2Mg1O4-dataset2-0009931,In2Mg1O4-dataset2-0009931_Va_O1,4.4126
In2Ni1O4-dataset2-0009944,In2Ni1O4-dataset2-0009944_Va_O2,3.4805
In2Ni1O4-dataset2-0009944,In2Ni1O4-dataset2-0009944_Va_O1,3.6058
Mg1O1-dataset2-0009973,Mg1O1-dataset2-0009973_Va_O1,6.8887
Ni1O1-dataset2-0010021,Ni1O1-dataset2-0010021_Va_O1,3.7973
Ba1O3Ti1-dataset2-0010375,Ba1O3Ti1-dataset2-0010375_Va_O2,5.4037
Ba1O3Ti1-dataset2-0010375,Ba1O3Ti1-dataset2-0010375_Va_O1,5.3369
O3Sr1Ti1-dataset2-0010541,O3Sr1Ti1-dataset2-0010541_Va_O1,5.396
O2Ti1-dataset2-0010549,O2Ti1-dataset2-0010549_Va_O1,4.9268
O2Ti1-dataset2-0010720,O2Ti1-dataset2-0010720_Va_O1,4.9636
O2Ti1-dataset2-0010731,O2Ti1-dataset2-0010731_Va_O1,5.9328
Mg1Mn2O4-dataset2-0011233,Mg1Mn2O4-dataset2-0011233_Va_O1,4.1736
Fe2Ni1O4-dataset2-0011562,Fe2Ni1O4-dataset2-0011562_Va_O2,3.6121
Fe2Ni1O4-dataset2-0011562,Fe2Ni1O4-dataset2-0011562_Va_O1,3.7044
Fe2Ni1O4-dataset2-0011580,Fe2Ni1O4-dataset2-0011580_Va_O2,3.5181
Fe2Ni1O4-dataset2-0011580,Fe2Ni1O4-dataset2-0011580_Va_O1,3.7345
Mn2Ni1O4-dataset2-0011752,Mn2Ni1O4-dataset2-0011752_Va_O2,2.7852
Mn2Ni1O4-dataset2-0011752,Mn2Ni1O4-dataset2-0011752_Va_O1,3.0575
O2Ti1-dataset2-0011764,O2Ti1-dataset2-0011764_Va_O2,5.3669
O2Ti1-dataset2-0011764,O2Ti1-dataset2-0011764_Va_O1,4.9109
Mn2Ni1O4-dataset2-0011908,Mn2Ni1O4-dataset2-0011908_Va_O2,3.5487
Mn2Ni1O4-dataset2-0011908,Mn2Ni1O4-dataset2-0011908_Va_O1,3.539
Fe2Mg1O4-dataset2-0011911,Fe2Mg1O4-dataset2-0011911_Va_O2,3.772
Fe2Mg1O4-dataset2-0011911,Fe2Mg1O4-dataset2-0011911_Va_O1,3.8945
Mn1Ni1O3-dataset2-0012011,Mn1Ni1O3-dataset2-0012011_Va_O1,2.704
Mn1Ni1O3-dataset2-0012072,Mn1Ni1O3-dataset2-0012072_Va_O1,2.8808
Al2Ca1O4-dataset2-0107269,Al2Ca1O4-dataset2-0107269_Va_O4,6.2954
Al2Ca1O4-dataset2-0107269,Al2Ca1O4-dataset2-0107269_Va_O9,6.1267
Al2Ca1O4-dataset2-0107269,Al2Ca1O4-dataset2-0107269_Va_O6,6.2966
Al2Ca1O4-dataset2-0107269,Al2Ca1O4-dataset2-0107269_Va_O3,6.3263
Al2Ca1O4-dataset2-0107269,Al2Ca1O4-dataset2-0107269_Va_O8,6.3068
Al2Ca1O4-dataset2-0107269,Al2Ca1O4-dataset2-0107269_Va_O10,6.3209
Al2Ca1O4-dataset2-0107269,Al2Ca1O4-dataset2-0107269_Va_O5,6.4336
Al2Ca1O4-dataset2-0107269,Al2Ca1O4-dataset2-0107269_Va_O12,6.2817
Al2Ca1O4-dataset2-0107269,Al2Ca1O4-dataset2-0107269_Va_O2,6.185
Al2Ca1O4-dataset2-0107269,Al2Ca1O4-dataset2-0107269_Va_O11,6.3739
Al2Ca1O4-dataset2-0107269,Al2Ca1O4-dataset2-0107269_Va_O7,6.2656
Al2Ca1O4-dataset2-0107269,Al2Ca1O4-dataset2-0107269_Va_O1,6.4142
Al4Ca1O7-dataset2-0107702,Al4Ca1O7-dataset2-0107702_Va_O3,6.2107
Al4Ca1O7-dataset2-0107702,Al4Ca1O7-dataset2-0107702_Va_O2,6.3909
Al4Ca1O7-dataset2-0107702,Al4Ca1O7-dataset2-0107702_Va_O4,6.7006
Al4Ca1O7-dataset2-0107702,Al4Ca1O7-dataset2-0107702_Va_O1,6.2426
Al2Ca2O5-dataset2-0107847,Al2Ca2O5-dataset2-0107847_Va_O3,6.6988
Al2Ca2O5-dataset2-0107847,Al2Ca2O5-dataset2-0107847_Va_O2,6.5147
Al2Ca2O5-dataset2-0107847,Al2Ca2O5-dataset2-0107847_Va_O1,6.0239
Al6Ca5O14-dataset2-0107855,Al6Ca5O14-dataset2-0107855_Va_O6,6.2626
Al6Ca5O14-dataset2-0107855,Al6Ca5O14-dataset2-0107855_Va_O3,6.3502
Al6Ca5O14-dataset2-0107855,Al6Ca5O14-dataset2-0107855_Va_O5,6.5428
Al6Ca5O14-dataset2-0107855,Al6Ca5O14-dataset2-0107855_Va_O2,6.1511
Al6Ca5O14-dataset2-0107855,Al6Ca5O14-dataset2-0107855_Va_O4,6.5272
Al6Ca5O14-dataset2-0107855,Al6Ca5O14-dataset2-0107855_Va_O7,6.1399
Al6Ca5O14-dataset2-0107855,Al6Ca5O14-dataset2-0107855_Va_O1,6.6404
Al6Ca5O14-dataset2-0107855,Al6Ca5O14-dataset2-0107855_Va_O9,6.3765
Al6Ca5O14-dataset2-0107855,Al6Ca5O14-dataset2-0107855_Va_O8,6.1143
Al2Ba1O4-dataset2-0108143,Al2Ba1O4-dataset2-0108143_Va_O6,6.1325
Al2Ba1O4-dataset2-0108143,Al2Ba1O4-dataset2-0108143_Va_O3,6.1849
Al2Ba1O4-dataset2-0108143,Al2Ba1O4-dataset2-0108143_Va_O5,6.0963
Al2Ba1O4-dataset2-0108143,Al2Ba1O4-dataset2-0108143_Va_O2,6.1484
Al2Ba1O4-dataset2-0108143,Al2Ba1O4-dataset2-0108143_Va_O4,6.1409
Al2Ba1O4-dataset2-0108143,Al2Ba1O4-dataset2-0108143_Va_O1,6.1846
Ba3O9Y4-dataset2-0108190,Ba3O9Y4-dataset2-0108190_Va_O2,6.129
Ba3O9Y4-dataset2-0108190,Ba3O9Y4-dataset2-0108190_Va_O3,6.1053
Ba3O9Y4-dataset2-0108190,Ba3O9Y4-dataset2-0108190_Va_O1,6.3296
Al2O5Ti1-dataset2-0108321,Al2O5Ti1-dataset2-0108321_Va_O3,6.4249
Al2O5Ti1-dataset2-0108321,Al2O5Ti1-dataset2-0108321_Va_O2,6.3778
Al2O5Ti1-dataset2-0108321,Al2O5Ti1-dataset2-0108321_Va_O1,5.8592
Al4O7Sr1-dataset2-0108427,Al4O7Sr1-dataset2-0108427_Va_O3,6.1625
Al4O7Sr1-dataset2-0108427,Al4O7Sr1-dataset2-0108427_Va_O2,6.3726
Al4O7Sr1-dataset2-0108427,Al4O7Sr1-dataset2-0108427_Va_O4,6.7311
Al4O7Sr1-dataset2-0108427,Al4O7Sr1-dataset2-0108427_Va_O1,6.1601
Al5O12Y3-dataset2-0108446,Al5O12Y3-dataset2-0108446_Va_O1,6.6039
Al1O3Y1-dataset2-0108689,Al1O3Y1-dataset2-0108689_Va_O2,5.1251
Al1O3Y1-dataset2-0108689,Al1O3Y1-dataset2-0108689_Va_O1,3.5762
Ba1O9Ti4-dataset2-0108699,Ba1O9Ti4-dataset2-0108699_Va_O5,6.0716
Ba1O9Ti4-dataset2-0108699,Ba1O9Ti4-dataset2-0108699_Va_O2,5.2112
Ba1O9Ti4-dataset2-0108699,Ba1O9Ti4-dataset2-0108699_Va_O4,5.3589
Ba1O9Ti4-dataset2-0108699,Ba1O9Ti4-dataset2-0108699_Va_O1,5.435
Ba1O4Y2-dataset2-0108927,Ba1O4Y2-dataset2-0108927_Va_O3,6.6636
Ba1O4Y2-dataset2-0108927,Ba1O4Y2-dataset2-0108927_Va_O2,6.5873
Ba1O4Y2-dataset2-0108927,Ba1O4Y2-dataset2-0108927_Va_O4,6.6262
Ba1O4Y2-dataset2-0108927,Ba1O4Y2-dataset2-0108927_Va_O1,6.5688
Al2O4Sr1-dataset2-0108933,Al2O4Sr1-dataset2-0108933_Va_O6,6.3343
Al2O4Sr1-dataset2-0108933,Al2O4Sr1-dataset2-0108933_Va_O3,6.2372
Al2O4Sr1-dataset2-0108933,Al2O4Sr1-dataset2-0108933_Va_O5,6.263
Al2O4Sr1-dataset2-0108933,Al2O4Sr1-dataset2-0108933_Va_O2,6.2432
Al2O4Sr1-dataset2-0108933,Al2O4Sr1-dataset2-0108933_Va_O4,6.3469
Al2O4Sr1-dataset2-0108933,Al2O4Sr1-dataset2-0108933_Va_O7,6.2482
Al2O4Sr1-dataset2-0108933,Al2O4Sr1-dataset2-0108933_Va_O1,6.2968
Al2O4Sr1-dataset2-0108933,Al2O4Sr1-dataset2-0108933_Va_O8,6.2083
Al2O9Y4-dataset2-0109092,Al2O9Y4-dataset2-0109092_Va_O6,6.1492
Al2O9Y4-dataset2-0109092,Al2O9Y4-dataset2-0109092_Va_O3,6.7059
Al2O9Y4-dataset2-0109092,Al2O9Y4-dataset2-0109092_Va_O5,6.3322
Al2O9Y4-dataset2-0109092,Al2O9Y4-dataset2-0109092_Va_O2,6.1876
Al2O9Y4-dataset2-0109092,Al2O9Y4-dataset2-0109092_Va_O4,6.7954
Al2O9Y4-dataset2-0109092,Al2O9Y4-dataset2-0109092_Va_O7,6.1696
Al2O9Y4-dataset2-0109092,Al2O9Y4-dataset2-0109092_Va_O1,6.1713
Al2O9Y4-dataset2-0109092,Al2O9Y4-dataset2-0109092_Va_O9,5.7929
Al2O9Y4-dataset2-0109092,Al2O9Y4-dataset2-0109092_Va_O8,6.2906
Ba1O5Ti2-dataset2-0109333,Ba1O5Ti2-dataset2-0109333_Va_O3,5.8221
Ba1O5Ti2-dataset2-0109333,Ba1O5Ti2-dataset2-0109333_Va_O5,5.5756
Ba1O5Ti2-dataset2-0109333,Ba1O5Ti2-dataset2-0109333_Va_O2,5.4485
Ba1O5Ti2-dataset2-0109333,Ba1O5Ti2-dataset2-0109333_Va_O4,6.0078
Ba1O5Ti2-dataset2-0109333,Ba1O5Ti2-dataset2-0109333_Va_O1,5.5111
Ba4O30Ti13-dataset2-0109458,Ba4O30Ti13-dataset2-0109458_Va_O6,5.4196
Ba4O30Ti13-dataset2-0109458,Ba4O30Ti13-dataset2-0109458_Va_O3,5.454
Ba4O30Ti13-dataset2-0109458,Ba4O30Ti13-dataset2-0109458_Va_O5,5.0833
Ba4O30Ti13-dataset2-0109458,Ba4O30Ti13-dataset2-0109458_Va_O2,5.5618
Ba4O30Ti13-dataset2-0109458,Ba4O30Ti13-dataset2-0109458_Va_O4,5.573
Ba4O30Ti13-dataset2-0109458,Ba4O30Ti13-dataset2-0109458_Va_O7,5.2835
Ba4O30Ti13-dataset2-0109458,Ba4O30Ti13-dataset2-0109458_Va_O1,5.8796
Ba4O30Ti13-dataset2-0109458,Ba4O30Ti13-dataset2-0109458_Va_O9,5.9937
Ba4O30Ti13-dataset2-0109458,Ba4O30Ti13-dataset2-0109458_Va_O8,5.0505
In1O3Y1-dataset2-0109668,In1O3Y1-dataset2-0109668_Va_O3,3.9393
In1O3Y1-dataset2-0109668,In1O3Y1-dataset2-0109668_Va_O2,4.4242
In1O3Y1-dataset2-0109668,In1O3Y1-dataset2-0109668_Va_O4,3.7667
In1O3Y1-dataset2-0109668,In1O3Y1-dataset2-0109668_Va_O1,4.5724
Ba3In2O6-dataset2-0109684,Ba3In2O6-dataset2-0109684_Va_O2,3.9611
Ba3In2O6-dataset2-0109684,Ba3In2O6-dataset2-0109684_Va_O1,3.6078
Ca3O7Ti2-dataset2-0109710,Ca3O7Ti2-dataset2-0109710_Va_O4,5.9078
Ca3O7Ti2-dataset2-0109710,Ca3O7Ti2-dataset2-0109710_Va_O2,5.7494
Ca3O7Ti2-dataset2-0109710,Ca3O7Ti2-dataset2-0109710_Va_O3,5.7714
Ca3O7Ti2-dataset2-0109710,Ca3O7Ti2-dataset2-0109710_Va_O1,5.5141
Ca1In2O4-dataset2-0109770,Ca1In2O4-dataset2-0109770_Va_O1,4.4374
In2O5Ti1-dataset2-0110156,In2O5Ti1-dataset2-0110156_Va_O3,4.1145
In2O5Ti1-dataset2-0110156,In2O5Ti1-dataset2-0110156_Va_O5,4.7203
In2O5Ti1-dataset2-0110156,In2O5Ti1-dataset2-0110156_Va_O2,4.0504
In2O5Ti1-dataset2-0110156,In2O5Ti1-dataset2-0110156_Va_O4,3.9906
In2O5Ti1-dataset2-0110156,In2O5Ti1-dataset2-0110156_Va_O1,4.4726
In2O5Sr2-dataset2-0110270,In2O5Sr2-dataset2-0110270_Va_O3,3.8089
In2O5Sr2-dataset2-0110270,In2O5Sr2-dataset2-0110270_Va_O2,3.2738
In2O5Sr2-dataset2-0110270,In2O5Sr2-dataset2-0110270_Va_O1,4.0388
Ba2In2O5-dataset2-0110289,Ba2In2O5-dataset2-0110289_Va_O3,3.5441
Ba2In2O5-dataset2-0110289,Ba2In2O5-dataset2-0110289_Va_O2,3.0675
Ba2In2O5-dataset2-0110289,Ba2In2O5-dataset2-0110289_Va_O1,3.8319
In1La1O3-dataset2-0110733,In1La1O3-dataset2-0110733_Va_O2,4.6469
In1La1O3-dataset2-0110733,In1La1O3-dataset2-0110733_Va_O1,4.7424
La2O5Ti1-dataset2-0110854,La2O5Ti1-dataset2-0110854_Va_O3,5.6119
La2O5Ti1-dataset2-0110854,La2O5Ti1-dataset2-0110854_Va_O5,5.9992
La2O5Ti1-dataset2-0110854,La2O5Ti1-dataset2-0110854_Va_O2,6.0535
La2O5Ti1-dataset2-0110854,La2O5Ti1-dataset2-0110854_Va_O4,6.7189
La2O5Ti1-dataset2-0110854,La2O5Ti1-dataset2-0110854_Va_O1,6.2634
La4O12Ti3-dataset2-0111085,La4O12Ti3-dataset2-0111085_Va_O2,5.7683
La4O12Ti3-dataset2-0111085,La4O12Ti3-dataset2-0111085_Va_O1,5.8879
In2O4Sr1-dataset2-0111316,In2O4Sr1-dataset2-0111316_Va_O3,4.2635
In2O4Sr1-dataset2-0111316,In2O4Sr1-dataset2-0111316_Va_O2,4.4839
In2O4Sr1-dataset2-0111316,In2O4Sr1-dataset2-0111316_Va_O4,4.3469
In2O4Sr1-dataset2-0111316,In2O4Sr1-dataset2-0111316_Va_O1,4.4539
O7Sr3Ti2-dataset2-0111479,O7Sr3Ti2-dataset2-0111479_Va_O3,5.4334
O7Sr3Ti2-dataset2-0111479,O7Sr3Ti2-dataset2-0111479_Va_O2,5.393
O7Sr3Ti2-dataset2-0111479,O7Sr3Ti2-dataset2-0111479_Va_O1,5.1173
La1O3Y1-dataset2-0111508,La1O3Y1-dataset2-0111508_Va_O2,6.5344
La1O3Y1-dataset2-0111508,La1O3Y1-dataset2-0111508_Va_O1,6.6611
La2O7Ti2-dataset2-0111567,La2O7Ti2-dataset2-0111567_Va_O6,5.7906
La2O7Ti2-dataset2-0111567,La2O7Ti2-dataset2-0111567_Va_O3,5.684
La2O7Ti2-dataset2-0111567,La2O7Ti2-dataset2-0111567_Va_O11,5.8706
La2O7Ti2-dataset2-0111567,La2O7Ti2-dataset2-0111567_Va_O10,5.7207
La2O7Ti2-dataset2-0111567,La2O7Ti2-dataset2-0111567_Va_O12,6.1468
La2O7Ti2-dataset2-0111567,La2O7Ti2-dataset2-0111567_Va_O13,5.5873
La2O7Ti2-dataset2-0111567,La2O7Ti2-dataset2-0111567_Va_O9,6.2802
La2O7Ti2-dataset2-0111567,La2O7Ti2-dataset2-0111567_Va_O1,5.9762
La2O7Ti2-dataset2-0111567,La2O7Ti2-dataset2-0111567_Va_O7,6.0004
La2O7Ti2-dataset2-0111567,La2O7Ti2-dataset2-0111567_Va_O4,5.7062
La2O7Ti2-dataset2-0111567,La2O7Ti2-dataset2-0111567_Va_O2,5.71
La2O7Ti2-dataset2-0111567,La2O7Ti2-dataset2-0111567_Va_O5,5.7495
La2O7Ti2-dataset2-0111567,La2O7Ti2-dataset2-0111567_Va_O14,5.9513
La2O7Ti2-dataset2-0111567,La2O7Ti2-dataset2-0111567_Va_O8,5.9466
O4Sr1Y2-dataset2-0111982,O4Sr1Y2-dataset2-0111982_Va_O3,6.6705
O4Sr1Y2-dataset2-0111982,O4Sr1Y2-dataset2-0111982_Va_O2,6.6208
O4Sr1Y2-dataset2-0111982,O4Sr1Y2-dataset2-0111982_Va_O4,6.6572
O4Sr1Y2-dataset2-0111982,O4Sr1Y2-dataset2-0111982_Va_O1,6.6199
O7Ti2Y2-dataset2-0112035,O7Ti2Y2-dataset2-0112035_Va_O2,6.9369
O7Ti2Y2-dataset2-0112035,O7Ti2Y2-dataset2-0112035_Va_O1,5.5218
O5Ti1Y2-dataset2-0112334,O5Ti1Y2-dataset2-0112334_Va_O3,5.8786
O5Ti1Y2-dataset2-0112334,O5Ti1Y2-dataset2-0112334_Va_O5,5.658
O5Ti1Y2-dataset2-0112334,O5Ti1Y2-dataset2-0112334_Va_O2,6.2371
O5Ti1Y2-dataset2-0112334,O5Ti1Y2-dataset2-0112334_Va_O4,6.1246
O5Ti1Y2-dataset2-0112334,O5Ti1Y2-dataset2-0112334_Va_O1,6.5839
Al1Fe1O3-dataset2-0113386,Al1Fe1O3-dataset2-0113386_Va_O6,5.9504
Al1Fe1O3-dataset2-0113386,Al1Fe1O3-dataset2-0113386_Va_O3,3.7559
Al1Fe1O3-dataset2-0113386,Al1Fe1O3-dataset2-0113386_Va_O5,3.3084
Al1Fe1O3-dataset2-0113386,Al1Fe1O3-dataset2-0113386_Va_O2,5.5057
Al1Fe1O3-dataset2-0113386,Al1Fe1O3-dataset2-0113386_Va_O4,4.4172
Al1Fe1O3-dataset2-0113386,Al1Fe1O3-dataset2-0113386_Va_O1,4.6654
Co1Nb2O6-dataset2-0119208,Co1Nb2O6-dataset2-0119208_Va_O3,5.7406
Co1Nb2O6-dataset2-0119208,Co1Nb2O6-dataset2-0119208_Va_O2,5.1892
Co1Nb2O6-dataset2-0119208,Co1Nb2O6-dataset2-0119208_Va_O1,6.025
Mg4Nb2O9-dataset2-0126437,Mg4Nb2O9-dataset2-0126437_Va_O2,6.2767
Mg4Nb2O9-dataset2-0126437,Mg4Nb2O9-dataset2-0126437_Va_O1,5.7126
Ba1Nb2O6-dataset2-0133995,Ba1Nb2O6-dataset2-0133995_Va_O3,5.3742
Ba1Nb2O6-dataset2-0133995,Ba1Nb2O6-dataset2-0133995_Va_O2,5.4784
Ba1Nb2O6-dataset2-0133995,Ba1Nb2O6-dataset2-0133995_Va_O1,5.2003
Co1O3Ti1-dataset2-0136734,Co1O3Ti1-dataset2-0136734_Va_O1,5.3321
Fe1O3Ti1-dataset2-0141559,Fe1O3Ti1-dataset2-0141559_Va_O3,5.4665
Fe1O3Ti1-dataset2-0141559,Fe1O3Ti1-dataset2-0141559_Va_O2,5.414
Fe1O3Ti1-dataset2-0141559,Fe1O3Ti1-dataset2-0141559_Va_O1,5.4129
Fe2O5Ti1-dataset2-0143825,Fe2O5Ti1-dataset2-0143825_Va_O2,3.3802
Fe2O5Ti1-dataset2-0143825,Fe2O5Ti1-dataset2-0143825_Va_O3,3.684
Fe2O5Ti1-dataset2-0143825,Fe2O5Ti1-dataset2-0143825_Va_O1,3.4937
La3Nb1O7-dataset2-0143911,La3Nb1O7-dataset2-0143911_Va_O3,6.198
La3Nb1O7-dataset2-0143911,La3Nb1O7-dataset2-0143911_Va_O2,5.9297
La3Nb1O7-dataset2-0143911,La3Nb1O7-dataset2-0143911_Va_O4,6.0716
La3Nb1O7-dataset2-0143911,La3Nb1O7-dataset2-0143911_Va_O1,6.0688
Mg1Nb2O6-dataset2-0144307,Mg1Nb2O6-dataset2-0144307_Va_O3,5.892
Mg1Nb2O6-dataset2-0144307,Mg1Nb2O6-dataset2-0144307_Va_O2,5.7976
Mg1Nb2O6-dataset2-0144307,Mg1Nb2O6-dataset2-0144307_Va_O1,5.5587
Mn2O5Y1-dataset2-0144940,Mn2O5Y1-dataset2-0144940_Va_O3,2.5169
Mn2O5Y1-dataset2-0144940,Mn2O5Y1-dataset2-0144940_Va_O2,4.1797
Mn2O5Y1-dataset2-0144940,Mn2O5Y1-dataset2-0144940_Va_O4,4.0788
Mn2O5Y1-dataset2-0144940,Mn2O5Y1-dataset2-0144940_Va_O1,3.4069
Mn2O4Ti1-dataset2-0145761,Mn2O4Ti1-dataset2-0145761_Va_O2,5.4674
Mn2O4Ti1-dataset2-0145761,Mn2O4Ti1-dataset2-0145761_Va_O1,5.341
Mn4Nb2O9-dataset2-0147238,Mn4Nb2O9-dataset2-0147238_Va_O2,5.6565
Mn4Nb2O9-dataset2-0147238,Mn4Nb2O9-dataset2-0147238_Va_O1,5.1592
Ni1O3Ti1-dataset2-0149539,Ni1O3Ti1-dataset2-0149539_Va_O1,5.0491
Nb2Ni4O9-dataset2-0149894,Nb2Ni4O9-dataset2-0149894_Va_O3,4.4697
Nb2Ni4O9-dataset2-0149894,Nb2Ni4O9-dataset2-0149894_Va_O5,4.711
Nb2Ni4O9-dataset2-0149894,Nb2Ni4O9-dataset2-0149894_Va_O2,4.9911
Nb2Ni4O9-dataset2-0149894,Nb2Ni4O9-dataset2-0149894_Va_O4,4.9735
Nb2Ni4O9-dataset2-0149894,Nb2Ni4O9-dataset2-0149894_Va_O1,4.8417
Al1Nb1O4-dataset2-0151582,Al1Nb1O4-dataset2-0151582_Va_O3,6.3338
Al1Nb1O4-dataset2-0151582,Al1Nb1O4-dataset2-0151582_Va_O2,5.9759
Al1Nb1O4-dataset2-0151582,Al1Nb1O4-dataset2-0151582_Va_O4,5.6034
Al1Nb1O4-dataset2-0151582,Al1Nb1O4-dataset2-0151582_Va_O1,5.8591
Ba3Ni1O4-dataset2-0154647,Ba3Ni1O4-dataset2-0154647_Va_O2,4.1209
Ba3Ni1O4-dataset2-0154647,Ba3Ni1O4-dataset2-0154647_Va_O1,3.965
Co1O3Y1-dataset2-0155205,Co1O3Y1-dataset2-0155205_Va_O2,2.5041
Co1O3Y1-dataset2-0155205,Co1O3Y1-dataset2-0155205_Va_O1,2.4751
Fe1O5Ti2-dataset2-0159784,Fe1O5Ti2-dataset2-0159784_Va_O3,5.2491
Fe1O5Ti2-dataset2-0159784,Fe1O5Ti2-dataset2-0159784_Va_O2,5.287
Fe1O5Ti2-dataset2-0159784,Fe1O5Ti2-dataset2-0159784_Va_O1,5.4368
Fe5O12Y3-dataset2-0162642,Fe5O12Y3-dataset2-0162642_Va_O1,3.958
Co4Nb2O9-dataset2-0170357,Co4Nb2O9-dataset2-0170357_Va_O2,5.3286
Co4Nb2O9-dataset2-0170357,Co4Nb2O9-dataset2-0170357_Va_O1,4.9564
Fe1Nb2O6-dataset2-0176178,Fe1Nb2O6-dataset2-0176178_Va_O3,5.7039
Fe1Nb2O6-dataset2-0176178,Fe1Nb2O6-dataset2-0176178_Va_O2,5.0063
Fe1Nb2O6-dataset2-0176178,Fe1Nb2O6-dataset2-0176178_Va_O1,5.2949
In1Nb1O4-dataset2-0176585,In1Nb1O4-dataset2-0176585_Va_O2,4.8115
In1Nb1O4-dataset2-0176585,In1Nb1O4-dataset2-0176585_Va_O1,4.5288
Mn1O3Y1-dataset2-0177189,Mn1O3Y1-dataset2-0177189_Va_O2,4.3038
Mn1O3Y1-dataset2-0177189,Mn1O3Y1-dataset2-0177189_Va_O1,4.347
Mn2O7Y2-dataset2-0179580,Mn2O7Y2-dataset2-0179580_Va_O2,5.5944
Mn2O7Y2-dataset2-0179580,Mn2O7Y2-dataset2-0179580_Va_O1,2.1894
Nb2O9Sr4-dataset2-0182299,Nb2O9Sr4-dataset2-0182299_Va_O2,5.4155
Nb2O9Sr4-dataset2-0182299,Nb2O9Sr4-dataset2-0182299_Va_O1,5.703
Fe1Nb1O4-dataset2-0188731,Fe1Nb1O4-dataset2-0188731_Va_O3,3.9641
Fe1Nb1O4-dataset2-0188731,Fe1Nb1O4-dataset2-0188731_Va_O2,4.2238
Fe1Nb1O4-dataset2-0188731,Fe1Nb1O4-dataset2-0188731_Va_O4,3.7609
Fe1Nb1O4-dataset2-0188731,Fe1Nb1O4-dataset2-0188731_Va_O1,3.3297
Fe1O3Y1-dataset2-0188787,Fe1O3Y1-dataset2-0188787_Va_O2,4.5451
Fe1O3Y1-dataset2-0188787,Fe1O3Y1-dataset2-0188787_Va_O1,4.5761
La2Ni1O4-dataset2-0193359,La2Ni1O4-dataset2-0193359_Va_O2,5.6407
La2Ni1O4-dataset2-0193359,La2Ni1O4-dataset2-0193359_Va_O1,4.519
Nb2Ni1O6-dataset2-0194560,Nb2Ni1O6-dataset2-0194560_Va_O3,5.6619
Nb2Ni1O6-dataset2-0194560,Nb2Ni1O6-dataset2-0194560_Va_O2,5.0346
Nb2Ni1O6-dataset2-0194560,Nb2Ni1O6-dataset2-0194560_Va_O1,5.2609
Mn1Nb2O6-dataset2-0194582,Mn1Nb2O6-dataset2-0194582_Va_O3,5.8447
Mn1Nb2O6-dataset2-0194582,Mn1Nb2O6-dataset2-0194582_Va_O2,5.4229
Mn1Nb2O6-dataset2-0194582,Mn1Nb2O6-dataset2-0194582_Va_O1,5.4219
Mn1O3Ti1-dataset2-0194723,Mn1O3Ti1-dataset2-0194723_Va_O1,5.6107
Nb6O16Sr1-dataset2-0195961,Nb6O16Sr1-dataset2-0195961_Va_O6,4.8533
Nb6O16Sr1-dataset2-0195961,Nb6O16Sr1-dataset2-0195961_Va_O3,4.7454
Nb6O16Sr1-dataset2-0195961,Nb6O16Sr1-dataset2-0195961_Va_O5,4.3269
Nb6O16Sr1-dataset2-0195961,Nb6O16Sr1-dataset2-0195961_Va_O2,4.6596
Nb6O16Sr1-dataset2-0195961,Nb6O16Sr1-dataset2-0195961_Va_O4,4.1013
Nb6O16Sr1-dataset2-0195961,Nb6O16Sr1-dataset2-0195961_Va_O7,4.702
Nb6O16Sr1-dataset2-0195961,Nb6O16Sr1-dataset2-0195961_Va_O1,4.6238
Nb6O16Sr1-dataset2-0195961,Nb6O16Sr1-dataset2-0195961_Va_O9,4.9616
Nb6O16Sr1-dataset2-0195961,Nb6O16Sr1-dataset2-0195961_Va_O10,5.0872
Nb6O16Sr1-dataset2-0195961,Nb6O16Sr1-dataset2-0195961_Va_O8,4.6576
Al2Fe1O4-dataset2-0289591,Al2Fe1O4-dataset2-0289591_Va_O1,6.1911
Ba2O4Ti1-dataset2-0289663,Ba2O4Ti1-dataset2-0289663_Va_O3,6.0536
Ba2O4Ti1-dataset2-0289663,Ba2O4Ti1-dataset2-0289663_Va_O2,6.0973
Ba2O4Ti1-dataset2-0289663,Ba2O4Ti1-dataset2-0289663_Va_O4,6.0113
Ba2O4Ti1-dataset2-0289663,Ba2O4Ti1-dataset2-0289663_Va_O1,5.959
Ba5Nb4O15-dataset2-0289691,Ba5Nb4O15-dataset2-0289691_Va_O3,5.0921
Ba5Nb4O15-dataset2-0289691,Ba5Nb4O15-dataset2-0289691_Va_O2,5.7478
Ba5Nb4O15-dataset2-0289691,Ba5Nb4O15-dataset2-0289691_Va_O1,5.8946
Ca1O3Ti1-dataset2-0289774,Ca1O3Ti1-dataset2-0289774_Va_O2,5.7707
Ca1O3Ti1-dataset2-0289774,Ca1O3Ti1-dataset2-0289774_Va_O1,5.7061
Ca2Nb2O7-dataset2-0289796,Ca2Nb2O7-dataset2-0289796_Va_O7,5.0731
Ca2Nb2O7-dataset2-0289796,Ca2Nb2O7-dataset2-0289796_Va_O4,5.992
Ca2Nb2O7-dataset2-0289796,Ca2Nb2O7-dataset2-0289796_Va_O12,5.63
Ca2Nb2O7-dataset2-0289796,Ca2Nb2O7-dataset2-0289796_Va_O13,5.9201
Ca2Nb2O7-dataset2-0289796,Ca2Nb2O7-dataset2-0289796_Va_O9,5.6139
Ca2Nb2O7-dataset2-0289796,Ca2Nb2O7-dataset2-0289796_Va_O1,5.8217
Ca2Nb2O7-dataset2-0289796,Ca2Nb2O7-dataset2-0289796_Va_O11,5.9013
Ca2Nb2O7-dataset2-0289796,Ca2Nb2O7-dataset2-0289796_Va_O2,5.4937
Ca2Nb2O7-dataset2-0289796,Ca2Nb2O7-dataset2-0289796_Va_O10,5.4299
Ca2Nb2O7-dataset2-0289796,Ca2Nb2O7-dataset2-0289796_Va_O5,5.8171
Ca2Nb2O7-dataset2-0289796,Ca2Nb2O7-dataset2-0289796_Va_O8,5.868
Ca2Nb2O7-dataset2-0289796,Ca2Nb2O7-dataset2-0289796_Va_O3,5.8376
Ca2Nb2O7-dataset2-0289796,Ca2Nb2O7-dataset2-0289796_Va_O6,5.8336
Ca2Nb2O7-dataset2-0289796,Ca2Nb2O7-dataset2-0289796_Va_O14,5.5554
Al1Ce1O3-dataset2-0289832,Al1Ce1O3-dataset2-0289832_Va_O2,6.5135
Al1Ce1O3-dataset2-0289832,Al1Ce1O3-dataset2-0289832_Va_O1,6.424
Al1La1O3-dataset2-0289874,Al1La1O3-dataset2-0289874_Va_O1,6.451
La1Nb1O4-dataset2-0289885,La1Nb1O4-dataset2-0289885_Va_O2,5.884
La1Nb1O4-dataset2-0289885,La1Nb1O4-dataset2-0289885_Va_O1,5.6119
Ce1Mg1O3-dataset2-0289952,Ce1Mg1O3-dataset2-0289952_Va_O2,1.2091
Ce1Mg1O3-dataset2-0289952,Ce1Mg1O3-dataset2-0289952_Va_O1,1.347
Mg1O3Ti1-dataset2-0290005,Mg1O3Ti1-dataset2-0290005_Va_O1,6.0449
Mg2O4Ti1-dataset2-0290062,Mg2O4Ti1-dataset2-0290062_Va_O2,6.3815
Mg2O4Ti1-dataset2-0290062,Mg2O4Ti1-dataset2-0290062_Va_O1,6.2145
Mg1O5Ti2-dataset2-0290080,Mg1O5Ti2-dataset2-0290080_Va_O3,6.2716
Mg1O5Ti2-dataset2-0290080,Mg1O5Ti2-dataset2-0290080_Va_O2,5.5099
Mg1O5Ti2-dataset2-0290080,Mg1O5Ti2-dataset2-0290080_Va_O1,5.6623
Nb2O5-dataset2-0290102,Nb2O5-dataset2-0290102_Va_O3,5.8008
Nb2O5-dataset2-0290102,Nb2O5-dataset2-0290102_Va_O2,4.7876
Nb2O5-dataset2-0290102,Nb2O5-dataset2-0290102_Va_O1,5.3318
Nb2O5-dataset2-0290125,Nb2O5-dataset2-0290125_Va_O3,4.3313
Nb2O5-dataset2-0290125,Nb2O5-dataset2-0290125_Va_O2,5.3219
Nb2O5-dataset2-0290125,Nb2O5-dataset2-0290125_Va_O1,5.8598
O4Sr2Ti1-dataset2-0290206,O4Sr2Ti1-dataset2-0290206_Va_O2,5.3384
O4Sr2Ti1-dataset2-0290206,O4Sr2Ti1-dataset2-0290206_Va_O1,5.5107
Nb2O7Sr2-dataset2-0290243,Nb2O7Sr2-dataset2-0290243_Va_O11,5.8118
Nb2O7Sr2-dataset2-0290243,Nb2O7Sr2-dataset2-0290243_Va_O14,5.7709
Nb2O7Sr2-dataset2-0290243,Nb2O7Sr2-dataset2-0290243_Va_O10,5.5471
Nb2O7Sr2-dataset2-0290243,Nb2O7Sr2-dataset2-0290243_Va_O12,5.5958
Nb2O7Sr2-dataset2-0290243,Nb2O7Sr2-dataset2-0290243_Va_O13,5.6843
Nb2O7Sr2-dataset2-0290243,Nb2O7Sr2-dataset2-0290243_Va_O9,5.4793
Nb2O7Sr2-dataset2-0290243,Nb2O7Sr2-dataset2-0290243_Va_O1,5.731
Nb2O7Sr2-dataset2-0290243,Nb2O7Sr2-dataset2-0290243_Va_O7,5.2334
Nb2O7Sr2-dataset2-0290243,Nb2O7Sr2-dataset2-0290243_Va_O4,5.8478
Nb2O7Sr2-dataset2-0290243,Nb2O7Sr2-dataset2-0290243_Va_O2,5.4724
Nb2O7Sr2-dataset2-0290243,Nb2O7Sr2-dataset2-0290243_Va_O5,5.6802
Nb2O7Sr2-dataset2-0290243,Nb2O7Sr2-dataset2-0290243_Va_O3,5.5227
Nb2O7Sr2-dataset2-0290243,Nb2O7Sr2-dataset2-0290243_Va_O6,5.6932
Nb2O7Sr2-dataset2-0290243,Nb2O7Sr2-dataset2-0290243_Va_O8,5.7292
O3Y2-dataset2-0290296,O3Y2-dataset2-0290296_Va_O1,6.5735
